x1,x2,label
90.597,77.26,1
93.852,79.236,1
91.802,79.26,1
86.744,74.471,1
92.698,84.536,1
90.315,87.17,1
93.625,78.545,1
91.172,77.222,1
89.999,75.825,1
92.436,74.429,1
90.778,82.679,1
89.333,78.724,1
89.335,82.906,1
89.667,78.631,1
90.886,80.525,1
86.968,74.843,1
90.141,80.322,1
90.306,82.506,1
87.258,77.725,1
91.774,77.36,1
88.77,78.417,1
90.458,74.813,1
88.51,77.065,1
88.349,75.47,1
89.919,79.701,1
87.941,81.326,1
91.256,77.866,1
90.821,78.623,1
90.476,75.018,1
91.468,85.57,1
89.4,82.787,1
91.517,82.419,1
90.351,80.616,1
91.733,83.321,1
91.815,81.165,1
89.831,78.609,1
91.642,83.09,1
87.387,77.248,1
90.757,84.699,1
93.358,84.821,1
90.357,82.245,1
90.424,79.905,1
91.254,78.98,1
90.494,78.916,1
88.095,75.985,1
87.648,76.052,1
90.493,81.798,1
91.092,80.28,1
87.016,80.579,1
89.316,78.649,1
89.615,78.78,1
89.766,81.397,1
89.48,83.204,1
99.139,85.263,1
90.69,79.363,1
91.718,77.225,1
91.113,73.187,1
91.706,84.033,1
93.255,77.914,1
89.614,82.034,1
94.157,82.885,1
88.839,88.858,1
91.819,86.39,1
88.916,78.871,1
87.749,76.195,1
91.692,87.366,1
90.847,84.181,1
89.227,87.908,1
87.272,74.367,1
90.078,79.024,1
86.914,79.365,1
90.473,77.257,1
90.991,77.965,1
89.579,81.285,1
90.582,83.173,1
91.86,79.504,1
90.517,81.626,1
87.812,78.153,1
88.773,75.736,1
87.078,80.209,1
89.793,79.482,1
88.916,76.326,1
90.224,76.544,1
87.036,80.768,1
92.044,83.387,1
90.413,73.64,1
90.846,78.931,1
90.69,83.149,1
92.525,79.41,1
90.116,83.041,1
88.606,80.056,1
88.922,75.651,1
89.065,77.38,1
91.018,85.246,1
89.862,77.264,1
88.252,78.721,1
92.099,80.457,1
92.709,88.593,1
89.083,79.057,1
89.195,75.538,1
86.207,76.624,1
87.657,76.415,1
88.109,79.582,1
88.648,79.882,1
90.469,81.541,1
91.605,79.729,1
89.513,84.011,1
90.392,83.026,1
92.533,81.484,1
90.769,81.976,1
86.951,75.958,1
91.071,81.53,1
88.826,78.885,1
89.553,80.224,1
88.823,80.172,1
92.219,81.554,1
90.978,82.591,1
93.43,83.025,1
87.634,74.291,1
91.963,86.594,1
89.913,86.099,1
93.374,81.199,1
90.933,80.485,1
86.449,75.7,1
88.872,82.111,1
89.738,78.515,1
92.46,73.588,1
89.558,74.691,1
93.754,80.441,1
89.891,80.594,1
88.149,82.917,1
91.938,83.636,1
90.24,78.593,1
89.632,77.074,1
91.126,84.311,1
88.313,80.732,1
91.899,77.085,1
90.81,74.145,1
87.517,82.986,1
88.432,75.779,1
88.14,78.781,1
91.659,80.77,1
90.159,77.793,1
89.864,74.17,1
91.128,79.948,1
88.76,78.711,1
87.47,73.752,1
91.061,84.971,1
88.754,83.12,1
88.644,82.345,1
92.162,85.534,1
90.433,75.44,1
91.205,80.456,1
92.957,84.331,1
91.063,79.925,1
93.459,84.896,1
88.07,73.655,1
89.258,82.545,1
92.799,79.231,1
93.866,84.616,1
90.034,79.573,1
91.947,81.8,1
91.282,82.182,1
90.399,77.865,1
91.969,82.635,1
89.362,82.018,1
88.169,78.696,1
89.703,82.191,1
87.992,77.978,1
91.782,77.675,1
90.026,71.748,1
87.145,73.515,1
85.487,73.38,1
89.328,79.671,1
88.622,80.304,1
88.363,79.642,1
88.915,75.869,1
88.652,75.918,1
90.39,83.764,1
88.133,78.103,1
90.835,82.479,1
87.814,74.736,1
90.014,84.267,1
88.189,80.857,1
87.484,80.516,1
92.903,79.614,1
86.893,74.356,1
88.557,75.102,1
89.215,79.313,1
94.041,79.762,1
90.316,74.288,1
89.68,85.539,1
88.361,78.782,1
93.259,86.756,1
91.804,79.601,1
88.549,79.89,1
88.211,78.261,1
89.947,82.151,1
91.684,83.431,1
91.019,79.761,1
93.275,85.083,1
89.92,82.761,1
88.873,79.217,1
88.796,78.647,1
88.819,80.188,1
90.282,85.717,1
89.945,74.97,1
92.454,77.703,1
88.995,81.222,1
89.642,82.086,1
92.778,81.529,1
91.966,82.884,1
90.82,80.259,1
91.301,79.082,1
90.544,79.455,1
91.901,81.201,1
91.486,81.114,1
91.079,80.576,1
95.109,79.088,1
89.902,84.862,1
91.078,80.532,1
88.59,77.24,1
91.181,78.245,1
89.29,83.577,1
89.179,78.124,1
90.859,80.908,1
89.634,77.231,1
87.464,78.405,1
90.037,76.429,1
88.191,74.933,1
90.193,84.113,1
89.701,81.618,1
87.217,78.39,1
89.071,75.888,1
91.071,82.987,1
88.387,75.51,1
93.196,82.814,1
88.776,81.287,1
90.588,82.614,1
88.84,76.85,1
88.845,85.506,1
90.079,81.961,1
88.614,78.673,1
92.025,75.119,1
88.79,82.474,1
91.206,78.627,1
91.142,81.081,1
89.265,80.965,1
91.935,80.344,1
91.887,79.178,1
90.224,80.222,1
92.769,80.926,1
89.743,75.685,1
88.044,70.9,1
89.706,78.453,1
92.806,84.283,1
90.097,75.908,1
89.086,82.719,1
88.704,77.146,1
88.452,76.987,1
88.463,76.911,1
89.883,84.688,1
92.695,85.778,1
91.355,76.032,1
90.249,79.99,1
90.274,83.752,1
85.888,77.843,1
91.423,80.922,1
90.581,81.107,1
88.679,85.714,1
87.367,72.861,1
88.166,78.667,1
90.449,78.43,1
92.473,76.15,1
87.947,84.904,1
88.456,76.417,1
93.7,87.732,1
90.018,77.958,1
88.962,79.049,1
94.271,81.829,1
89.676,80.746,1
90.396,82.298,1
87.704,74.746,1
89.139,85.782,1
90.77,81.025,1
90.133,82.988,1
88.049,78.453,1
87.496,80.657,1
86.64,79.864,1
87.454,83.932,1
87.506,79.023,1
91.831,80.241,1
93.02,77.514,1
89.073,83.486,1
92.841,76.908,1
88.796,76.426,1
87.87,75.226,1
88.46,76.671,1
91.725,77.948,1
89.481,82,1
89.962,72.375,1
88.57,80.39,1
86.822,81.219,1
92.075,79.305,1
89.184,84.171,1
88.121,73.119,1
88.42,84.746,1
93.344,80.375,1
90.45,79.902,1
91.67,83.145,1
90.047,83.664,1
95.017,76.777,1
89.47,80.47,1
87.158,74.878,1
85.691,92.336,1
88.263,77.276,1
90.406,78.339,1
92,78.668,1
94.322,81.936,1
92.781,80.893,1
89.368,79.58,1
89.149,77.826,1
92.125,80.211,1
91.638,83.362,1
94.005,82.914,1
93.468,84.113,1
89.931,79.382,1
87.653,76.665,1
88.922,82.343,1
89.956,76.354,1
94.501,82.204,1
91.341,80.596,1
91.267,79.654,1
88.339,81.153,1
90.826,82.463,1
90.249,76.133,1
88.013,87.803,1
87.55,76.444,1
86.336,78.496,1
90.024,83.017,1
93.78,82.285,1
88.762,79.218,1
91.364,78.804,1
89.999,83.493,1
90.626,79.693,1
89.526,82.184,1
87.028,72.677,1
89.094,79.44,1
91.91,74.7,1
89.552,79.135,1
91.536,81.161,1
91.067,80.828,1
93.261,88.12,1
88.674,79.259,1
89.134,79.493,1
86.894,77.5,1
88.388,79.062,1
92.284,81.975,1
91.846,81.443,1
90.164,76.558,1
91.028,80.817,1
86.732,75.691,1
89.105,76.736,1
91.058,82.331,1
90.196,79.244,1
89.143,82.629,1
90.63,82.208,1
90.991,82.801,1
92.838,90.701,1
86.159,76.653,1
87.132,77.915,1
90.461,81.801,1
91.104,82.551,1
88.633,71.805,1
91.729,76.853,1
91.85,77.774,1
92.401,81.027,1
94.808,81.442,1
92.21,80.225,1
90.754,82.133,1
89.245,81.451,1
88.922,83.365,1
91.861,81.353,1
93.941,84.721,1
89.197,81.317,1
89.452,78.773,1
91.742,83.485,1
90.835,79.78,1
90.02,85.66,1
89.608,75.547,1
88.738,83.601,1
88.229,81.78,1
89.653,81.162,1
92.161,86.677,1
91.886,86.049,1
92.398,84.069,1
90.768,84.263,1
93.368,84.617,1
86.474,81.079,1
89.726,78.041,1
90.902,78.204,1
92.1,88.329,1
88.674,81.225,1
90.729,81.435,1
85.474,74.132,1
88.987,79.995,1
90.464,74.85,1
88.375,80.721,1
88.536,81.615,1
88.298,76.426,1
90.301,80.488,1
88.629,78.184,1
88.402,81.435,1
90.728,76.746,1
88.405,80.529,1
88.943,80.777,1
88.794,84.234,1
90.069,75.727,1
91.308,79.155,1
89.388,81.225,1
90.299,80.535,1
92.772,85.805,1
92.167,82.862,1
88.578,79.766,1
92.129,84.499,1
91.312,80.11,1
91.27,79.002,1
89.349,79.285,1
89.461,76.926,1
89.514,78.817,1
90.162,73.588,1
92.011,78.755,1
94.668,81.598,1
90.486,81.782,1
90.838,78.955,1
86.443,75.328,1
90.64,79.362,1
89.185,81.753,1
95.083,84.973,1
93.363,88.346,1
92.842,88.097,1
87.556,77.613,1
92.262,83.235,1
86.41,75.721,1
91.885,76.218,1
86.367,80.141,1
88.425,76.575,1
90.395,79.767,1
87.839,77.644,1
89.309,78.814,1
92.888,80.777,1
93.106,84.281,1
90.158,82.773,1
91.149,82.67,1
91.035,82.969,1
89.826,72.011,1
91.576,77.781,1
92.345,81.675,1
87.121,77.125,1
92.807,83.712,1
89.242,79.955,1
90.325,78.495,1
89.853,81.008,1
93.454,76.507,1
89.128,79.287,1
88.602,76.533,1
88.092,76.918,1
88.485,76.876,1
91.34,81.034,1
86.853,80.127,1
89.24,74.451,1
88.372,74.256,1
89.891,79.051,1
89.642,81.47,1
88.419,79.032,1
94.695,87.15,1
90.527,80.356,1
90.989,79.929,1
89.386,78.108,1
90.731,81.129,1
88.58,79.573,1
90.525,81.107,1
89.646,79.321,1
88.167,81.28,1
88.664,79.266,1
91.3,86.272,1
90.253,86.229,1
87.649,79.123,1
91.375,77.166,1
88.997,74.015,1
91.694,79.638,1
92.049,83.42,1
91.714,85.281,1
90.737,83.017,1
91.89,84.752,1
101.66,86.04,1
90.924,77.117,1
90.493,82.337,1
90.368,81.959,1
89.035,76.146,1
88.699,76.961,1
88.45,75.307,1
89.816,78.055,1
88.632,78.392,1
90.745,81.284,1
81.235,77.324,2
79.406,70.67,2
80.204,72.728,2
82.304,73.227,2
80.8,74.474,2
83.081,74.103,2
79.669,67.284,2
81.918,69.607,2
82.434,77.575,2
82.571,73.675,2
78.892,74.655,2
82.194,66.307,2
85.318,75.792,2
81.753,67.857,2
81.269,73.876,2
83.402,74.268,2
82.249,72.216,2
78.662,68.382,2
90.694,63.139,2
78.717,72.7,2
78.88,76.672,2
80.815,75.216,2
83.377,76.121,2
80.578,71.673,2
83.257,70.485,2
78.083,68.843,2
78.605,73.2,2
82.562,74.148,2
81.724,81.048,2
79.509,67.968,2
81.129,77.815,2
80.767,72.497,2
82.265,71.677,2
79.448,72.435,2
81.211,72.409,2
82.002,70.232,2
81.377,75.683,2
79.575,74.279,2
81.195,69.139,2
84.372,76.404,2
80.932,69.009,2
77.915,71.133,2
76.645,65.771,2
82.415,69.835,2
82.581,75.186,2
81.011,75.261,2
80.008,69.87,2
85.622,76.845,2
76.374,67.099,2
81.291,69.728,2
85.412,74.878,2
80.865,73.176,2
82.932,71.987,2
83.305,77.338,2
81.647,72.036,2
80.112,71.505,2
82.694,81.773,2
81.472,69.53,2
85.166,72.042,2
80.099,67.628,2
82.594,71.539,2
81.905,77.41,2
81.749,74.513,2
83.143,76.379,2
78.822,71.251,2
84.292,70.822,2
82.028,73.718,2
81.144,75.403,2
82.599,75.528,2
79.404,66.857,2
81.935,77.721,2
78.579,68.346,2
79.698,67.289,2
81.912,72.394,2
80.071,76.342,2
83.651,74.413,2
82.753,76.741,2
79.803,75.212,2
79.679,72.15,2
80.541,73.33,2
82.528,69.19,2
80.022,78.915,2
77.061,72.214,2
85.145,74.307,2
84.009,74.335,2
82.147,73.283,2
84.439,72.035,2
82.408,75.829,2
83.216,70.094,2
81.25,70.47,2
79.44,67.63,2
81.721,77.731,2
78.575,70.356,2
80.516,72.061,2
78.601,68.221,2
78.533,69.922,2
82.993,71.245,2
80.664,70.047,2
84.519,70.06,2
85.381,74.08,2
83.978,74.712,2
82.612,77.474,2
79.157,73.601,2
81.787,73.807,2
80.349,65.389,2
83.178,73.083,2
83.576,76.627,2
79.02,68.744,2
83.457,69.103,2
80.2,70.64,2
82.438,75.667,2
80.025,71.803,2
81.741,73.229,2
82.019,75.145,2
80.378,74.874,2
80.333,71.781,2
80.898,78.651,2
81.002,71.344,2
81.496,70.363,2
80.866,71.366,2
81.589,72.935,2
80.715,71.887,2
80.764,71.391,2
79.43,70.308,2
81.195,70.295,2
80.081,73.567,2
83.766,75.996,2
85.798,75.743,2
82.169,75.949,2
79.197,67.728,2
82.912,72.215,2
86.619,75.357,2
78.169,69.16,2
81.475,76.22,2
81.321,69.192,2
80.891,71.605,2
83.818,80.764,2
83.92,75.065,2
82.374,69.49,2
80.565,71.309,2
85.306,72.172,2
81.8,67.893,2
81.597,71.412,2
82.795,75.213,2
76.629,71.898,2
81.776,73.135,2
79.488,71.351,2
81.231,72.349,2
81.553,72.278,2
78.094,71.489,2
80.47,70.284,2
82.209,73.444,2
82.938,72.976,2
81.393,71.956,2
83.121,77.253,2
83,72.977,2
83.492,69.329,2
81.582,69.604,2
80.85,67.982,2
82.07,73.163,2
80.136,70.806,2
83.434,71.871,2
84.67,72.205,2
78.231,74.902,2
79.178,71.1,2
85.057,71.793,2
83.513,70.705,2
81.971,77.747,2
81.726,74.794,2
84.715,75.998,2
83.2,75.494,2
82.444,76.67,2
80.207,69.881,2
78.69,67.778,2
81.422,74.488,2
84.347,80.835,2
85.492,75.668,2
81.147,74.11,2
82.309,77.322,2
82.807,74.978,2
80.155,74.834,2
81.083,76.543,2
85.795,77.263,2
81.715,68.789,2
82.415,73.05,2
82.508,74.4,2
78.931,68.498,2
83.703,71.979,2
81.281,67.778,2
85.054,72.843,2
77.463,65.376,2
82.054,74.253,2
80.62,73.146,2
84.516,72.632,2
78.487,73.251,2
77.82,73.406,2
79.285,75.781,2
80.219,72.346,2
82.125,79.467,2
81.008,73.597,2
83.248,78.288,2
78.161,70.756,2
77.972,69.735,3
74.071,63.056,3
72.738,62.731,3
73.36,62.169,3
73.142,62.792,3
70.571,61.179,3
75.811,69.018,3
71.828,66.455,3
73.593,67.538,3
73.191,70.64,3
72.086,63.565,3
72.518,66.253,3
75.413,68.673,3
73.814,62.471,3
74.359,67.401,3
72.601,64.832,3
73.61,60.062,3
73.034,67.925,3
75.887,69.814,3
74.231,65.999,3
69.949,67.506,3
72.891,69.816,3
70.571,62.331,3
72.621,60.088,3
74.21,68.033,3
70.837,59.338,3
69.784,62.606,3
75.938,57.351,3
73.098,69.577,3
73.402,70.263,3
71.944,66.077,3
70.629,65.23,3
74.306,66.606,3
69.363,63.947,3
74.031,64.307,3
73.535,65.555,3
72.559,64.568,3
71.102,67.178,3
72.039,67.758,3
73.318,71.091,3
74.727,68.947,3
73.255,68.081,3
74.932,69.624,3
68.62,60.897,3
73.411,65.385,3
71.124,58.32,3
74.935,72.447,3
74.926,70.983,3
72.801,65.344,3
71.826,65.149,3
76.963,63.836,3
75.33,59.394,3
70.916,63.68,3
73.055,65.072,3
73.153,71.79,3
72.677,61.291,3
70.772,62.838,3
74.168,64.575,3
73.401,69.583,3
73.467,65.607,3
74.143,68.363,3
69.035,59.718,3
73.004,64.329,3
71.553,63.109,3
72.647,62.526,3
70.269,66.447,3
71.026,63.983,3
73.451,67.991,3
71.596,64.695,3
71.269,65.376,3
73.618,59.383,3
72.995,62.507,3
73.646,71.528,3
75.114,64.442,3
72.28,61.585,3
75.624,65.283,3
73.842,67.293,3
71.631,65.094,3
76.451,64.458,3
71.553,64.743,3
72.035,64.55,3
72.371,69.347,3
73.332,64.687,3
70.861,60.27,3
74.347,61.542,3
73.916,65.73,3
74.897,66.859,3
72.469,68.56,3
72.04,62.621,3
73.915,63.273,3
74.29,66.432,3
74.228,62.852,3
72.428,66.391,3
75.614,66.34,3
72.457,61.451,3
75.736,65.605,3
72.59,66.726,3
71.329,63.758,3
73.543,60.469,3
69.464,62.113,3
76.396,65.38,3
70.666,62.853,3
72.808,66.198,3
72.509,59.613,3
76.344,60.372,3
71.729,61.019,3
75.255,64.763,3
72.519,63.757,3
72.397,60.855,3
73.892,65.994,3
72.511,65.07,3
74.53,63.562,3
73.645,68.78,3
72.308,61.976,3
75.771,58.883,3
73.483,60.96,3
70.999,61.71,3
70.502,66.602,3
73.483,67.173,3
72.302,65.943,3
74.007,67.228,3
73.717,65.447,3
74.587,68.473,3
72.888,62.634,3
72.249,68.962,3
73.271,62.169,3
73.2,71.266,3
73.229,63.415,3
75.699,63.78,3
74.919,64.692,3
73.914,64.252,3
74.218,68.076,3
74.237,65.245,3
73.538,63.985,3
72.472,65.174,3
72.376,68.611,3
71.614,65.586,3
75.23,65.279,3
72.143,65.583,3
73.141,62.141,3
73.816,66.217,3
74.986,69.649,3
74.915,60.39,3
74.567,64.958,3
74.981,63.664,3
75.176,66.735,3
73.362,74.706,3
73.509,65.224,3
70.094,62.938,3
74.148,65.268,3
74.892,63.897,3
71.641,63.569,3
73.542,68.311,3
70.958,62.356,3
73.245,63.885,3
71.015,65.609,3
74.096,69.641,3
71.002,60.471,3
75.312,66.72,3
69.34,63.2,3
71.795,61.089,3
72.501,70.035,3
77.943,68.173,3
71.274,64.017,3
70.919,61.587,3
75.365,68.935,3
71.931,66.818,3
72.787,64.124,3
72.93,66.462,3
73.318,66.898,3
74.451,63.004,3
71.302,64.96,3
74.999,65.331,3
77.137,67.926,3
69.815,57.358,3
71.788,64.518,3
73.235,68.091,3
71.011,67.228,3
71.294,62.512,3
72.196,65.361,3
78.601,72.298,3
71.11,65.661,3
71.125,59.127,3
72.141,63.97,3
71.05,61.363,3
72.891,62.845,3
70.491,72.001,3
73.521,65.255,3
72.894,58.331,3
67.074,66.684,3
72.378,73.149,3
71.365,64.341,3
75.6,69.403,3
71.219,63.798,3
72.116,69.463,3
71.841,67.252,3
72.269,67.375,3
72.971,58.588,3
72.238,65.351,3
74.314,64.667,3
73.857,65.4,3
75.047,62.739,3
63.838,58.625,4
64.094,55.421,4
62.21,57.261,4
65.192,56.956,4
64.526,63.152,4
63.101,51.033,4
67.539,62.968,4
62.944,53.964,4
68.464,59.736,4
64.809,53.572,4
67.393,60.598,4
66.164,58.279,4
66.341,55.83,4
61.286,53.059,4
64.91,54.397,4
62.516,54.477,4
63.174,56.729,4
64.187,54.929,4
63.333,59.453,4
65.797,63.286,4
61.182,58.053,4
67.255,52.954,4
63.698,54.773,4
63.192,56.777,4
61.875,57.661,4
65.67,58.503,4
63.094,55.762,4
61.866,52.537,4
64.721,57.21,4
67.561,62.023,4
64.848,56.744,4
63.029,57.524,4
65.792,57.279,4
61.447,54.765,4
67.141,63.031,4
64.89,60.545,4
64.373,56.689,4
64.944,54.151,4
69.077,63.657,4
62.545,57,4
67.564,62.372,4
63.278,57.269,4
67.594,60.436,4
65.671,60.621,4
61.741,57.839,4
67.321,57.132,4
62.447,53.621,4
65.092,59.248,4
63.789,55.618,4
66.781,63.169,4
61.909,60.572,4
65.3,59.459,4
62.495,57.474,4
60.734,51.893,4
64.658,54.824,4
60.222,55.274,4
68.717,61.519,4
63.333,54.153,4
63.911,60.858,4
64.175,54.084,4
65.354,55.398,4
66.07,56.198,4
61.493,56.232,4
65.957,59.774,4
61.424,58.069,4
64.697,57.734,4
67.256,62.04,4
65.471,54.787,4
63.991,60.213,4
64.077,55.493,4
65.318,59.679,4
62.802,60.58,4
66.595,61.335,4
65.99,53.391,4
69.459,61.431,4
64.4,58.807,4
67.718,57.34,4
64.975,60.005,4
64.907,58.744,4
63.03,59.392,4
66.597,62.512,4
65.914,63.335,4
64.573,54.933,4
65.395,57.073,4
63.064,58.897,4
66.084,55.823,4
67.485,57.079,4
64.233,58.449,4
63.579,60.71,4
65.547,58.582,4
64.673,56.179,4
62.782,59.782,4
66.703,52.263,4
62.43,55.786,4
62.904,60.831,4
64.714,51.634,4
62.174,57.694,4
65.583,57.85,4
64.734,57.594,4
61.799,56.507,4
63.101,56.718,4
60.203,58.517,4
65.345,54.4,4
65.8,52.751,4
64.008,57.136,4
63.05,49.439,4
64.859,58.496,4
65.732,58.16,4
62.766,60.485,4
67.027,62.634,4
62.222,57.827,4
62.231,55.054,4
63.846,56.319,4
62.081,55.75,4
63.407,56.561,4
63.792,52.799,4
66.294,60.452,4
64.693,56.724,4
66.046,54.297,4
64.412,55.106,4
63.898,58.162,4
64.943,53.777,4
62.087,56.477,4
62.855,55.465,4
64.262,57.579,4
66.392,55.438,4
62.731,52.206,4
65.345,57.004,4
64.086,53.677,4
64.495,57.968,4
65.351,55.067,4
63.951,60.271,4
65.196,56.716,4
65.018,58.086,4
63.089,57.641,4
65.681,57.846,4
62.817,55.984,4
65.915,60.304,4
65.206,55.307,4
62.509,54.775,4
64.828,61.134,4
65.737,52.406,4
62.803,61.5,4
62.533,59.155,4
61.686,51.45,4
63.02,57.994,4
64.317,55.802,4
63.581,53.051,4
64.51,57.467,4
63.779,55.579,4
67.24,53.28,4
65.812,58.444,4
64.432,58.359,4
65.246,55.017,4
61.11,54.544,4
63.92,53.576,4
63.915,56.557,4
61.897,58.178,4
61.903,62.681,4
63.393,56.04,4
63.574,61.608,4
64.237,56.217,4
66.084,53.532,4
66.487,59.826,4
67.616,59.196,4
64.576,60.479,4
68.465,60.985,4
66.266,57.651,4
64.472,62.604,4
62.19,55.242,4
62.014,54.713,4
62.949,51.572,4
64.248,62.563,4
66.819,60.932,4
62.663,54.461,4
64.766,54.212,4
65.408,62.511,4
62.614,54.282,4
59.212,54.406,4
64.91,58.6,4
65.047,50.364,4
62.765,56.095,4
68.206,57.224,4
63.114,54.504,4
60.535,59.677,4
64.713,53.926,4
65.879,55.605,4
65.142,61.437,4
64.355,61.07,4
63.139,56.071,4
66.9,61.91,4
67.173,56.455,4
62.742,57.438,4
66.402,61.861,4
61.035,51.393,4
63.655,58.445,4
65.059,53.862,4
64.813,55.89,4
62.302,56.562,4
64.853,55.272,4
69.994,49.978,4
65.715,62.232,4
54.209,48.166,5
54.676,49.119,5
57.595,53.242,5
58.209,47.19,5
55.755,55.273,5
56.16,56.267,5
55.024,50.106,5
55.386,48.363,5
53.729,46.852,5
57.597,50.488,5
54.737,48.774,5
54.528,52.06,5
55.076,48.823,5
57.931,46.705,5
54.374,46.815,5
51.962,47.882,5
55.848,48.434,5
56.04,47.435,5
55.898,50.233,5
56.526,46.97,5
55.422,50.119,5
58.662,50.457,5
51.176,48.583,5
57.234,50.782,5
54.983,48.422,5
56.667,49.596,5
54.923,47.923,5
55.415,47.827,5
58.518,49.177,5
59.993,51.905,5
60.106,52.87,5
54.626,51.692,5
57.17,51.436,5
56.825,53.387,5
56.573,52.727,5
55.704,50.6,5
57.91,51.936,5
56.197,51.039,5
56.991,49.981,5
53.871,48.121,5
56.481,45.006,5
56.778,50.35,5
55.31,44.049,5
57.713,50.356,5
56.945,46.986,5
57.819,51.233,5
55.429,46.379,5
55.895,50.923,5
53.586,46.672,5
56.017,54.762,5
56.266,48.615,5
54.276,48.095,5
55.984,44.465,5
56.315,52.803,5
54.374,45.424,5
53.41,45.858,5
56.406,50.305,5
58.395,54.02,5
53.92,46.153,5
55.013,46.735,5
54.207,49.46,5
56.261,52.171,5
56.34,52.978,5
57.083,55.281,5
55.932,47.977,5
55.241,47.747,5
54.203,51.205,5
56.065,50.361,5
56.106,50.46,5
53.72,50.799,5
56.8,47.705,5
57.701,48.135,5
52.135,46.769,5
53.467,47.657,5
54.693,46.979,5
58.873,55.057,5
54.262,49.955,5
56.298,48.458,5
55.464,46.515,5
54.174,50.1,5
55.414,47.892,5
57.168,44.382,5
51.967,45.244,5
56.051,46.919,5
51.6,46.721,5
53.29,55.366,5
55.847,55.214,5
54.022,47.19,5
56.799,47.776,5
56.094,48.182,5
55.9,48.401,5
55.846,48.907,5
55.494,49.555,5
54.287,54.419,5
53.044,51.985,5
56.215,50.486,5
56.65,45.178,5
55.642,51.444,5
56.071,49.342,5
57.482,44.075,5
53.945,48.853,5
56.392,47.148,5
57.232,48.39,5
57.88,51.982,5
56.934,48.467,5
56.191,48.62,5
56.058,48.253,5
58.205,49.079,5
56.317,52.508,5
59.997,51.881,5
54.904,50.794,5
53.1,50.449,5
54.376,49.563,5
61.887,44.548,5
57.57,48.982,5
54.96,49.985,5
57.377,53.734,5
50.143,46.243,5
55.127,50.537,5
56.845,53.176,5
57.288,47.556,5
57.548,52.619,5
57.206,51.352,5
54.629,49.221,5
53.113,43.564,5
55.685,49.177,5
54.447,51.599,5
56.106,46.282,5
58.73,49.08,5
56.678,53.913,5
53.224,49.659,5
56.202,46.761,5
55.124,55.774,5
57.483,51.518,5
56.301,47.48,5
54.407,47.389,5
55.632,49.496,5
57.226,48.797,5
55.831,51.314,5
57.115,51.039,5
58.135,44.746,5
54.675,50.337,5
56.76,46.633,5
54.391,44.353,5
54.019,50.493,5
56.548,52.127,5
53.02,46.93,5
59.466,53.615,5
55.112,45.429,5
53.148,49.048,5
58.778,50.396,5
56.372,42.949,5
57.506,49.391,5
57.018,52.209,5
55.192,49.023,5
55.865,52.95,5
54.999,49.148,5
56.301,53.143,5
58.382,51.264,5
54.833,54.138,5
53.705,50.971,5
58.157,43.99,5
58.302,54.48,5
55.884,43.632,5
54.29,47.623,5
57.284,48.471,5
53.412,49.13,5
56.628,49.95,5
57.494,53.689,5
54.435,49.005,5
55.51,45.36,5
56.758,46.297,5
54.653,53.115,5
53.339,50.032,5
57.493,53.436,5
55.037,46.082,5
55.353,52.141,5
53.402,50.154,5
58.459,49.725,5
56.474,45.604,5
55.228,46.841,5
57.385,51.861,5
57.856,49.119,5
57.568,49.994,5
58.245,56.264,5
61.263,52.119,5
55.356,52.693,5
57.179,49.777,5
51.873,47.941,5
56.587,46.765,5
59.071,54.576,5
55.199,43.644,5
53.29,51.657,5
56.019,50.313,5
54.709,50.185,5
56.094,51.665,5
56.597,50.323,5
53.036,45.082,5
58.475,49.304,5
56.629,52.851,5
57.459,47.959,5
57.033,52.158,5
49.472,41.457,6
43.837,39.979,6
45.269,40.383,6
46.714,42.57,6
47.112,41.964,6
46.301,45.052,6
45.015,39.723,6
48.41,38.82,6
49.381,40.197,6
47.773,40.719,6
47.216,43.639,6
44.396,42.181,6
46.716,43.845,6
44.943,43.548,6
46.27,39.59,6
43.459,41.616,6
50.374,39.191,6
44.733,45.292,6
48.406,37.221,6
47.732,44.014,6
47.084,41.791,6
48.673,37.559,6
46.189,48.934,6
47.566,41.768,6
45.306,41.716,6
48.502,43.552,6
46.151,42.452,6
49.162,44.792,6
48.78,44.531,6
46.641,39.156,6
47.426,42.476,6
50.797,39.231,6
44.156,38.068,6
47.607,37.99,6
49.47,43.433,6
47.27,46.932,6
45.32,40.316,6
47.972,43.952,6
51.599,42.115,6
50.059,39.371,6
51.625,44.276,6
45.964,41.616,6
48.964,42.638,6
49.71,46.507,6
46.948,48.902,6
48.179,40.467,6
49.178,38.248,6
49.087,45.797,6
46.145,44.154,6
45.584,37.86,6
47.265,39.583,6
46.365,41.116,6
50.762,42.448,6
46.526,46.947,6
49.655,42.053,6
45.179,45.076,6
47.641,47.767,6
46.828,38.577,6
45.674,39.454,6
48.324,44.163,6
48.048,46.83,6
48.039,44.961,6
46.947,46.303,6
48.172,46.006,6
47.381,43.145,6
48.052,37.317,6
45.783,40.863,6
49.934,36.406,6
49.371,43.87,6
46.156,46.057,6
47.384,45.315,6
46.089,38.475,6
48.682,41.633,6
45.034,42.844,6
49.223,44.881,6
46.891,43.063,6
51.193,42.648,6
48.225,41.778,6
46.959,41.262,6
46.295,40.513,6
48.134,37.745,6
48.421,42.334,6
46.448,43.754,6
46.695,41.567,6
44.351,40.773,6
46.227,40.489,6
45.015,44.366,6
46.659,40.927,6
50.676,47.66,6
46.973,45.723,6
46.514,45.235,6
47.604,43.698,6
47.554,45.919,6
46.485,36.343,6
50.329,44.264,6
47.438,41.321,6
46.663,36.33,6
45.986,41.11,6
47.9,42.549,6
46.798,46.747,6
47.843,40.451,6
49.124,46.549,6
49.34,42.13,6
48.937,41.197,6
47.726,44.119,6
44.321,46.657,6
49.058,40.229,6
45.191,37.825,6
46.604,42.589,6
46.997,36.442,6
46.325,38.009,6
49.59,44.066,6
46.196,44.582,6
46.894,44.102,6
48.47,46.476,6
45.453,45.701,6
51.48,41.715,6
48.026,39.311,6
46.029,40.09,6
44.352,44.337,6
45.89,42.834,6
47.341,43.556,6
47.553,46.677,6
46.248,39.573,6
49.008,46.219,6
45.604,42.474,6
44.143,41.703,6
44.855,41.551,6
45.634,43.764,6
47.36,44.406,6
47.603,41.715,6
48.94,41.776,6
48.502,45.3,6
48.056,40.356,6
47.947,41.038,6
47.534,42.041,6
49.327,45.409,6
46.667,44.155,6
48.972,42.625,6
48.076,42.246,6
44.312,42.705,6
47.734,43.923,6
47.359,45.055,6
51.054,45.793,6
45.373,37.79,6
49.482,42.039,6
46.359,42.472,6
46.801,46.813,6
45.811,42.064,6
49.157,43.107,6
45.493,46.914,6
49.923,44.028,6
52.109,44.449,6
48.61,44.215,6
45.177,43.007,6
48.094,44.464,6
48.028,44.663,6
48.431,42.861,6
47.097,43.924,6
47.413,41.269,6
47.857,37.842,6
47.103,37.603,6
44.858,44.824,6
48.164,44.939,6
46.094,44.338,6
45.327,42.729,6
47.593,38.571,6
44.251,40.847,6
51.793,42.495,6
50.063,41.243,6
40.311,37.164,6
47.446,41.055,6
49.877,43.709,6
44.293,38.995,6
49.961,48.05,6
45.762,45.444,6
50.428,41.621,6
49.924,45.555,6
48.352,42.699,6
50.035,42.778,6
47.978,39.015,6
47.609,38.331,6
45.797,44.216,6
48.412,44.107,6
49.956,39.645,6
48.892,45.123,6
49.503,41.79,6
47.223,44.872,6
49.183,42.688,6
50.72,44.488,6
46.618,42.192,6
49.415,44.108,6
45.072,42.301,6
44.479,40.755,6
45.448,43.26,6
47.85,44.954,6
45.807,39.252,6
50.411,41.425,6
48.66,44.894,6
47.624,39.776,6
46.343,41.053,6
48.026,44.06,6
38.357,35.531,7
40.159,32.579,7
36.573,28.253,7
42.186,36.98,7
38.888,34.427,7
37.434,30.961,7
38.478,38.992,7
37.878,37.739,7
39.203,34.423,7
38.55,33.314,7
38.7,33.208,7
43.512,35.143,7
40.82,37.536,7
39.101,34.108,7
36.561,29.694,7
36.018,34.503,7
37.192,33.617,7
36.917,34.498,7
36.624,33.437,7
42.137,33.078,7
40.261,39.555,7
38.083,30.88,7
41.31,28.929,7
39.662,34.793,7
37.83,35.722,7
35.981,29.961,7
36.496,32.233,7
41.45,34.751,7
37.506,34.194,7
37.983,30.517,7
34.608,33.776,7
43.2,33.973,7
41.85,38.874,7
39.032,34.155,7
40.075,34.587,7
34.384,31.873,7
40.639,36.229,7
38.637,37.918,7
40.89,38.097,7
38.003,36.364,7
39.015,34.223,7
38.283,30.131,7
40.8,36.554,7
40.236,37.051,7
41.568,34.79,7
40.683,33.402,7
39.651,36.814,7
35.776,33.746,7
36.326,38.052,7
36.779,33.578,7
39.398,35.228,7
38.678,33.082,7
37.011,32.509,7
37.135,33.354,7
37.423,34.978,7
40.794,36.049,7
40.841,38.179,7
36.756,31.519,7
37.181,38.365,7
40.528,34.731,7
38.899,36.804,7
38.855,28.479,7
38.967,35.25,7
36.83,32.139,7
38.667,34.791,7
40.717,32.771,7
38.333,37.863,7
44.159,36.589,7
36.163,34.398,7
40.445,31.485,7
38.265,35.616,7
38.024,32.043,7
38.911,34.238,7
39.007,31.7,7
39.99,35.842,7
37.671,39.287,7
39.408,33.597,7
39.765,38.945,7
39.899,34.419,7
37.066,33.344,7
38.9,31.304,7
40.441,31.552,7
35.971,36.729,7
40.311,38.643,7
39.613,39.075,7
36.186,33.769,7
37.624,32.941,7
40.861,38.556,7
37.502,34.946,7
38.514,36.655,7
37.648,31.928,7
36.463,34.097,7
36.896,40.918,7
40.231,36.375,7
41.505,35.835,7
36.762,37.49,7
40.177,34.543,7
36.616,31.79,7
41.982,34.32,7
40.962,34.907,7
42.204,38.897,7
41.854,34.589,7
37.959,37.48,7
41.16,33.933,7
37.13,35.502,7
37.426,36.101,7
37.369,33.799,7
37.451,33.644,7
36.845,34.064,7
45.301,24.006,7
40.611,37.07,7
40.069,30.816,7
41.028,37.095,7
38.784,34.189,7
35.773,35.129,7
39.164,38.36,7
39.023,32.154,7
41.286,35.025,7
36.291,35.839,7
40.355,32.382,7
38.36,33.13,7
36.709,33.087,7
38.965,34.621,7
42.791,32.739,7
38.165,31.359,7
40.15,32.864,7
36.395,34.311,7
37.118,35.035,7
37.603,36.141,7
38.243,36.731,7
36.986,34.242,7
38.632,30.789,7
42.859,34.533,7
37.862,38.699,7
41.034,33.486,7
38.235,31.926,7
39.174,36.047,7
39.027,33.063,7
39.264,36.426,7
39.197,38.862,7
40.904,33.63,7
36.685,36.034,7
39.649,30.951,7
39.298,34.356,7
42.83,36.18,7
37.27,31.325,7
36.329,36.594,7
39.195,34.922,7
37.929,31.301,7
39.623,35.847,7
36.425,29.847,7
36.492,29.205,7
38.78,31.184,7
38.066,34.871,7
39.996,34.787,7
40.021,37.433,7
40.725,31.583,7
36.803,35.356,7
42.255,33.993,7
38.584,32.055,7
40.423,39.267,7
36.846,41.447,7
41.901,34.824,7
39.857,37.251,7
38.982,32.62,7
39.154,35.251,7
37.826,36.174,7
36.438,31.443,7
38.865,36.208,7
39.926,33.856,7
39.058,34.13,7
37.909,38.268,7
37.51,39.361,7
39.573,32.89,7
38.663,33.367,7
38.966,37.273,7
39.692,36.524,7
38.295,34.498,7
36.722,29.352,7
38.898,34.159,7
39.418,34.749,7
39.363,32.948,7
40.221,39.189,7
39.166,31.685,7
41.13,35.179,7
39.921,32.673,7
37.482,35.165,7
38.87,28.402,7
36.45,39.991,7
40.723,33.967,7
38.316,35.72,7
40.021,29.983,7
40.796,34.267,7
36.901,35.839,7
41.24,35.204,7
39.066,34.246,7
34.48,38.908,7
38.562,35.234,7
40.57,35.11,7
40.093,36.654,7
40.076,35.358,7
39.118,33.418,7
32.528,21.957,8
29.526,24.634,8
32.029,25.847,8
28.965,24.787,8
33.503,24.192,8
31.18,29.17,8
27.894,26.706,8
29.035,27.15,8
32.341,28.344,8
30.313,22.643,8
31.626,25.383,8
29.682,30.431,8
32.001,29.891,8
27.594,23.828,8
29.96,27.91,8
33.785,29.243,8
29.425,27.457,8
30.856,26.413,8
31.501,24.134,8
32.671,26.104,8
27.579,20.02,8
30.855,29.605,8
27.346,29.928,8
33.767,28.315,8
30.815,27.121,8
31.491,30.414,8
29.598,23.545,8
27.804,28.036,8
32.2,28.46,8
31.989,28.854,8
31.35,27.96,8
29.894,25.556,8
30.833,23.154,8
32.715,30.317,8
30.227,21.058,8
27.277,28.897,8
31.138,27.573,8
32.276,25.43,8
27.707,26.36,8
31.921,25.233,8
29.931,30.72,8
31.142,26.843,8
28.474,28.717,8
28.756,24.986,8
30.909,29.66,8
32.203,26.74,8
28.391,28.595,8
31.924,25.468,8
29.595,25.213,8
30.781,25.946,8
30.848,32.027,8
30.448,30.442,8
30.226,25.5,8
30.312,25.394,8
29.871,27.314,8
28.163,24.706,8
29.148,23.818,8
31.507,29.353,8
31.346,26.769,8
32.287,27.99,8
32.14,29.526,8
28.779,31.224,8
29.946,29.241,8
30.682,33.954,8
30.836,26.623,8
30.491,33.465,8
31.803,24.421,8
26.171,25.793,8
31.181,29.784,8
27.346,28.526,8
32.953,25.944,8
29.316,27.846,8
28.729,26.078,8
29.193,24.99,8
33.477,27.05,8
30.779,24.791,8
28.231,24.632,8
32.391,32.524,8
30.109,22.933,8
28.821,27.058,8
29.332,29.649,8
29.626,26.491,8
28.402,30.389,8
31.307,26.857,8
31.381,24.261,8
29.36,25.658,8
30.555,27.412,8
26.551,29.34,8
32.333,26.81,8
31.921,25.581,8
30.912,27.239,8
29.451,25.431,8
33.036,28.745,8
27.207,26.927,8
31.432,24.929,8
28.621,26.855,8
32.363,27.698,8
29.15,27.104,8
28.73,30.493,8
29.483,24.622,8
29.891,29.588,8
28.974,26.733,8
31.258,29.173,8
29.024,27.921,8
30.269,32.015,8
26.969,24.196,8
32.227,28.78,8
29.359,28.765,8
30.631,27.978,8
32.019,32.85,8
30.396,26.96,8
31.37,26.678,8
33.25,22.528,8
36.864,27.065,8
32.009,28.428,8
34.63,29.735,8
30.932,27.011,8
30.884,25.294,8
31.374,29.781,8
32.525,29.441,8
30.363,28.535,8
27.202,28.617,8
27.757,26.357,8
32.385,29.158,8
31.668,24.922,8
29.759,32.17,8
29.771,26.425,8
30.263,28.175,8
30.618,29.061,8
29.608,25.782,8
30.312,31.423,8
30.194,28.086,8
29.884,29.839,8
29.026,26.765,8
26.516,24.999,8
28.536,30.292,8
33.364,26.981,8
32.333,30.01,8
30.518,26.863,8
29.922,28.106,8
30.068,27.71,8
28.534,23.038,8
30.968,25.853,8
33.165,26.901,8
28.848,26.04,8
30.632,27.798,8
31.988,28.815,8
28.471,22.451,8
28.3,24.982,8
31.583,30.647,8
30.313,29.36,8
29.71,30.696,8
33.149,28.425,8
30.01,24.606,8
32.383,28.149,8
33.806,27.273,8
27.499,28.276,8
28.296,25.471,8
32.309,23.633,8
31.344,27.876,8
32.156,26.455,8
32.31,26.308,8
31.109,26.84,8
30.629,25.228,8
29.156,27.091,8
27.54,24.351,8
27.967,27.776,8
30.015,27.52,8
33.259,26.966,8
30.782,31.941,8
28.737,23.26,8
29.535,28.332,8
30.777,32.024,8
42.298,30.332,8
31.89,33.575,8
31.956,27.153,8
32.507,27.192,8
31.278,25.587,8
29.034,28.288,8
30.392,21.895,8
31.829,25.84,8
28.688,26.714,8
28.544,25.342,8
31.921,30.549,8
29.926,28.983,8
27.464,30.124,8
29.681,26.839,8
32.028,27.444,8
34.219,30.282,8
30.445,28.072,8
30.551,29.429,8
29.962,30.678,8
30.09,30.073,8
31.615,27.514,8
31.569,28.119,8
30.325,38.337,8
30.419,28.628,8
30.067,24.405,8
31.024,26.496,8
30.547,27.018,8
27.818,26.158,8
29.126,32.665,8
23.232,22.194,9
20.765,17.418,9
19.025,18.673,9
22.545,17.107,9
21.565,20.383,9
21.475,22.111,9
22.341,19.638,9
22.472,17.939,9
24.084,20.525,9
22.787,20.462,9
21.956,25.162,9
19.929,19.695,9
21.092,17.693,9
23.024,19.306,9
21.185,22.01,9
23.62,20.576,9
19.349,20.369,9
23.604,19.872,9
22.2,19.945,9
23.651,23.333,9
24.488,18.579,9
23.106,18.917,9
22.592,21.601,9
20.027,19.856,9
19.548,22.132,9
24.296,16.533,9
19.934,15.875,9
24.464,23.866,9
23.539,16.153,9
20.367,20.233,9
20.152,20.776,9
25.059,19.518,9
21.787,18.257,9
21.516,18.03,9
19.829,19.025,9
21.105,18.57,9
22.103,25.749,9
22.81,14.545,9
25.513,21.131,9
22.066,21.58,9
20.92,17.411,9
20.317,20.386,9
24.012,17.989,9
20.752,23.62,9
23.594,14.081,9
21.629,22.908,9
23.775,18.021,9
20.115,22.36,9
22.034,20.401,9
23.121,17.599,9
20.712,18.37,9
22.339,17.947,9
21.067,25.13,9
22.788,20.455,9
24.19,22.968,9
22.361,21.122,9
20.945,21.019,9
23.424,20.766,9
26.307,21.58,9
26.067,16.784,9
20.696,20.117,9
24.093,20.332,9
20.391,17.806,9
24.822,17.517,9
21.784,20.951,9
23.852,18.924,9
23.565,19.323,9
24.56,21.977,9
21.175,23.261,9
18.239,14.962,9
19.349,20.95,9
24.092,22.201,9
22.747,16.958,9
21.652,19.273,9
23.59,21.249,9
22.915,16.053,9
20.956,22.675,9
23.768,18.386,9
21.499,20.002,9
20.341,20.526,9
20.181,17.775,9
22.619,21.576,9
23.77,23.258,9
21.167,20.579,9
21.637,20.862,9
20.271,19.496,9
20.148,19.712,9
21.495,17.68,9
22.371,21.343,9
20.535,20.889,9
23.928,19.471,9
19.042,22.751,9
22.04,18.481,9
21.912,19.846,9
23.923,21.094,9
20.772,17.907,9
24.003,20.354,9
23.965,21.129,9
24.368,15.606,9
25.803,15.717,9
23.743,19.578,9
22.028,18.616,9
21.668,23.625,9
21.415,18.751,9
19.797,23.278,9
21.175,22.326,9
20.38,16.895,9
21.8,18.454,9
19.224,19.483,9
20.321,21.595,9
21.041,25.018,9
24.885,21.564,9
23.612,19.68,9
22.022,20.132,9
19.601,20.005,9
22.667,18.643,9
21.305,20.679,9
22.316,22.441,9
22.052,19.997,9
24.713,22.795,9
23.371,24.771,9
19.994,17.518,9
22.94,17.332,9
20.613,19.861,9
22.445,21.456,9
19.388,19.668,9
28.967,21.234,9
22.732,20.368,9
25.105,18.594,9
25.946,19.408,9
23.354,16.797,9
20.216,22.493,9
18.417,22.587,9
17.972,16.361,9
21.358,19.724,9
23.577,16.748,9
23.206,20.025,9
20.083,21.646,9
23.606,20.063,9
23.859,19.708,9
20.839,21.672,9
22.859,17.695,9
19.419,20.812,9
20.87,20.294,9
20.718,18.098,9
18.597,17.148,9
24.061,17.682,9
20.534,16.815,9
21.727,22.738,9
21.553,19.866,9
21.67,17.952,9
23.596,19.59,9
20.474,20.686,9
22.973,18.848,9
19.356,15.881,9
23.166,19.063,9
23.693,22.542,9
20.914,24.632,9
22.067,19.649,9
23.276,19.773,9
22.127,18.334,9
25.128,17.33,9
21.632,18.183,9
24.271,24.753,9
21.99,24.027,9
22.407,19.722,9
27.838,18.564,9
21.367,18.448,9
22.561,25.239,9
23.962,18.29,9
19.833,21.586,9
20.433,20.109,9
20.214,22.205,9
19.499,18.233,9
21.561,22.454,9
22.679,17.401,9
21.224,22.558,9
21.267,22.109,9
24.025,19.638,9
22.88,21.28,9
18.543,18.588,9
23.037,22.503,9
20.706,18.9,9
21.916,21.506,9
22.893,23.277,9
19.964,17.965,9
24.574,23.288,9
25.04,17.94,9
23.905,23.5,9
23.191,19.151,9
22.476,20.047,9
20.286,19.178,9
22.121,16.992,9
23.292,18.191,9
20.121,20.711,9
19.886,22.099,9
22.993,22.018,9
25.768,20.96,9
22.03,22.068,9
23.617,17.089,9
19.32,14.186,9
20.869,19.842,9
11.469,11.433,10
14.46,11.323,10
14.054,11.705,10
16.929,9.3995,10
15.234,10.834,10
13.747,15.511,10
15.648,11.192,10
13.762,12.054,10
13.864,17.828,10
15.001,14.807,10
17.307,8.6718,10
13.317,12.832,10
13.433,10.721,10
14.061,12.965,10
12.711,11.391,10
11.935,13.286,10
10.924,18.9,10
15.239,10.995,10
13.835,19.704,10
14.324,9.3291,10
10.813,12.223,10
13.436,16.731,10
15.726,14.895,10
15.336,11.296,10
11.927,8.8383,10
15.7,11.678,10
11.133,12.766,10
14.543,10.421,10
17.06,8.7455,10
11.772,8.4095,10
15.47,10.849,10
15.827,15.467,10
12.971,12.002,10
11.255,10.031,10
11.889,6.6651,10
12.394,10.929,10
12.579,13.346,10
12.491,13.785,10
16.622,10.568,10
12.777,6.5262,10
16.398,11.571,10
10.551,8.2944,10
15.402,11.077,10
14.284,13.602,10
16.005,14.626,10
16.913,15.924,10
13.619,8.6468,10
14.484,15.785,10
12.265,14.173,10
15.396,15.365,10
13.8,10.359,10
12.327,11.838,10
9.9588,10.548,10
10.358,11.27,10
13.948,13.251,10
10.242,10.843,10
14.069,10.141,10
15.875,14.878,10
12.109,8.4647,10
12.701,12.38,10
15.776,13.57,10
14.149,15.288,10
9.9504,13.062,10
15.051,11.259,10
11.288,15.758,10
12.932,15.1,10
15.045,11.29,10
15.211,13.27,10
14.827,15.752,10
11.48,9.1149,10
11.985,9.4099,10
11.654,10.68,10
12.05,9.9253,10
13.134,7.3485,10
13.914,15.555,10
12.816,16.839,10
15.499,8.3569,10
13.8,12.922,10
13.78,10.291,10
13.917,13.583,10
15.498,12.051,10
13.249,12.524,10
12.51,11.134,10
12.534,17.319,10
12.108,16.96,10
11.33,8.3421,10
12.626,12.939,10
13.168,11.635,10
14.777,12.11,10
12.93,8.4745,10
13.648,11.142,10
10.082,13.992,10
12.036,12.021,10
12.844,10.128,10
12.765,11.239,10
11.176,11.17,10
15.838,19.332,10
13.823,14.711,10
10.987,9.2721,10
10.505,11.24,10
13.052,14.323,10
11.581,10.513,10
13.222,16.375,10
18.138,14.033,10
11.518,12.86,10
11.009,8.852,10
11.521,9.3401,10
15.272,12.625,10
14.327,10.81,10
15.672,11.331,10
12.487,10.115,10
15.41,11.418,10
14.312,11.929,10
14.213,9.8882,10
13.665,14.168,10
12.172,12.176,10
11.795,8.587,10
15.412,14.394,10
14.066,18.773,10
12.248,11.187,10
14.974,11.484,10
15.258,11.806,10
16.222,7.0443,10
13.953,17.288,10
13.995,10.923,10
11.388,14.309,10
12.703,14.379,10
10.93,14.503,10
12.832,15.191,10
15.191,12.742,10
11.909,10.717,10
15.964,9.6222,10
12.908,8.0956,10
13.437,10.723,10
12.365,10.833,10
14.652,13.218,10
15.128,11.102,10
13.297,12.697,10
14.795,11.794,10
17.329,15.573,10
15.508,10.933,10
15.377,11.384,10
15.499,13.559,10
12.836,11.621,10
12.269,9.9251,10
15.87,15.283,10
15.048,11.039,10
15.471,17.212,10
11.882,9.2442,10
12.551,12.276,10
15.241,15.006,10
15.197,10.004,10
12.279,12.881,10
15.346,15.237,10
13.02,14.289,10
12.43,9.5904,10
13.645,10.023,10
16.682,13.877,10
12.33,14.26,10
13.274,13.637,10
16.015,9.3318,10
13.178,11.944,10
9.2933,15.031,10
16.251,13.165,10
13.996,8.9469,10
9.4289,11.015,10
15.338,11.823,10
14.574,12.096,10
15.531,11.975,10
9.6455,9.9231,10
12.47,13.437,10
13.748,11.507,10
15.625,13.715,10
13.72,12.261,10
14.318,19.97,10
12.15,15.566,10
10.939,12.606,10
15.702,9.5588,10
15.726,12.847,10
14.742,12.34,10
11.544,14.594,10
10.836,12.623,10
16.19,15.174,10
20.479,11.275,10
14.057,10.929,10
10.431,8.5424,10
11.644,15.171,10
16.374,11.402,10
16.311,12.205,10
13.164,13.284,10
12.904,10.103,10
15.441,12.383,10
18.188,14.051,10
10.976,11.659,10
15.363,12.209,10
15.552,14.201,10
12.889,10.211,10
14.944,10.307,10
15.646,13.349,10
13.936,14.632,10
8.9344,12.862,10
11.551,13.102,10
7.1331,3.98,11
1.9013,9.4995,11
4.4286,5.1714,11
0.2275,1.7928,11
8.8386,6.8484,11
10.235,8.4,11
4.1414,7.0649,11
4.7661,6.4379,11
7.5321,7.5981,11
4.5255,5.3955,11
5.5493,0.72833,11
5.5092,5.1628,11
1.3484,5.661,11
5.8752,8.1431,11
4.6836,3.3647,11
5.1469,3.8985,11
3.6939,5.2549,11
5.5481,3.0102,11
5.9972,6.2222,11
3.9729,4.0651,11
2.4078,6.1796,11
4.6118,7.6074,11
3.6057,6.426,11
1.4433,6.3399,11
4.3858,5.5035,11
6.1281,5.3431,11
7.6309,6.498,11
5.9706,4.0149,11
3.2715,4.2438,11
7.6652,5.3743,11
4.1275,4.7431,11
3.5803,4.7332,11
6.9355,3.4762,11
6.6411,3.6398,11
4.2737,7.8543,11
3.0064,2.6883,11
6.7824,0.69294,11
4.3837,8.6167,11
6.7371,4.9182,11
6.3486,0.50195,11
5.2748,4.2682,11
5.5402,4.1693,11
9.9325,2.4285,11
6.3856,9.4095,11
6.2789,7.1886,11
3.8816,7.5256,11
5.642,3.8418,11
5.1452,1.4275,11
8.0177,7.5059,11
6.0488,5.0969,11
4.4003,5.9285,11
1.9286,5.3517,11
3.371,5.6416,11
3.9746,6.0626,11
5.4556,11.298,11
4.0082,6.0142,11
5.6164,5.6542,11
6.4106,5.1858,11
4.3763,4.4627,11
2.303,7.2051,11
5.4738,3.7897,11
6.0079,4.405,11
5.3621,5.9824,11
8.983,6.252,11
4.8328,6.7275,11
4.4522,2.4636,11
7.8438,6.4039,11
5.3158,6.0359,11
4.9902,5.6614,11
4.9569,10.995,11
3.0518,6.7191,11
2.9193,2.2141,11
4.1323,2.9458,11
5.5598,6.3445,11
3.1405,3.2333,11
7.3459,5.477,11
5.7589,5.4441,11
6.6898,5.7382,11
9.2874,7.582,11
3.8696,4.4338,11
1.4311,3.8432,11
3.9636,8.7539,11
3.1737,1.7987,11
2.9529,3.9954,11
2.3208,7.5062,11
7.9609,4.481,11
2.9935,3.7059,11
5.7715,8.2889,11
5.8256,5.4676,11
2.5085,6.5036,11
5.6169,3.8229,11
7.2848,1.621,11
6.7719,8.2198,11
5.4511,6.4109,11
1.7486,8.1217,11
2.881,5.7809,11
7.4382,7.8442,11
4.8948,3.5964,11
2.2417,6.1644,11
6.8844,1.673,11
1.9731,4.147,11
8.2536,8.404,11
4.8585,3.0667,11
6.2774,-0.97152,11
5.1026,3.6918,11
1.7358,3.3117,11
6.9292,3.0265,11
5.4243,3.8537,11
8.5449,4.1972,11
9.1297,5.8054,11
5.5233,6.0839,11
4.9436,0.5442,11
5.0362,5.7274,11
4.7662,8.5215,11
5.3492,0.95815,11
4.1478,6.4734,11
6.3644,4.4616,11
5.6091,6.2038,11
3.2042,3.0157,11
5.9889,6.6007,11
6.8963,7.0013,11
6.3093,4.4578,11
8.1532,7.5335,11
3.4159,2.3195,11
5.8807,4.9398,11
2.7034,2.8757,11
4.2893,9.3084,11
5.5221,3.4877,11
6.0097,4.7895,11
4.418,8.7623,11
4.3454,5.457,11
5.7524,4.2276,11
4.3908,7.5431,11
4.9611,4.6865,11
4.8999,2.7825,11
5.4517,1.9709,11
2.5784,7.3399,11
8.9837,6.8232,11
3.6863,5.2816,11
1.1152,5.0458,11
8.9838,10.091,11
5.5581,2.0541,11
8.725,7.9425,11
8.2919,4.9565,11
8.0911,8.5536,11
6.1623,7.437,11
5.1755,3.504,11
5.1465,7.0265,11
4.5824,0.33851,11
1.9514,7.8826,11
4.9404,1.9601,11
4.0716,5.9742,11
3.5897,6.1511,11
8.1246,5.8564,11
7.8269,5.4618,11
2.5484,8.2742,11
3.2715,5.7834,11
2.4917,1.2783,11
3.1923,7.1562,11
6.7979,-0.39966,11
2.9894,4.6734,11
2.5514,5.3291,11
2.059,1.8987,11
4.7384,4.9946,11
7.9757,4.3165,11
5.8071,7.9999,11
7.0658,6.9823,11
7.0628,5.2526,11
4.6384,6.6803,11
4.004,3.529,11
3.6726,6.3264,11
6.3741,2.9579,11
2.382,3.4525,11
5.7585,2.6607,11
3.4628,3.1682,11
3.9728,1.059,11
8.2032,4.9552,11
5.2423,3.3834,11
5.1563,2.161,11
2.2986,5.7384,11
7.1256,5.5719,11
5.347,3.8496,11
7.8928,3.1592,11
6.3002,3.7165,11
4.0741,3.834,11
7.0751,6.3431,11
5.1377,6.8489,11
3.0732,7.6646,11
6.1169,7.7217,11
6.7565,5.3197,11
5.2196,7.2442,11
3.9622,2.374,11
7.9094,6.5804,11
5.4956,7.1967,11
2.7765,3.0662,11
3.3924,-1.8112,11
4.5577,3.939,11
5.792,2.1787,11
3.4065,5.0753,11
5.3597,6.6745,11
5.7381,4.5559,11
4.1726,6.0448,11
4.3126,5.7591,12
6.6849,5.6116,12
7.5393,3.2264,12
2.5895,0.8852,12
2.2719,3.6711,12
2.6295,8.9356,12
3.5734,5.1712,12
5.7476,4.9341,12
3.2363,7.1988,12
4.1125,7.0405,12
6.7419,9.2081,12
3.2955,3.9199,12
4.4095,4.2619,12
4.3934,7.9639,12
4.9086,6.6277,12
4.8641,1.3763,12
6.5304,1.5085,12
4.6263,5.452,12
3.4983,0.54465,12
6.8372,2.2544,12
4.6549,7.3785,12
2.6965,5.3476,12
7.4884,6.9211,12
5.4346,4.8361,12
-1.2163,7.2116,12
4.3935,5.0693,12
7.0865,0.39527,12
2.027,7.5591,12
4.7115,7.2165,12
6.7466,4.8097,12
3.8968,6.3939,12
4.8264,3.0405,12
6.8534,3.5462,12
7.7444,6.0906,12
2.7727,5.5483,12
4.1061,5.5391,12
6.9021,0.34206,12
4.5192,5.6275,12
6.1294,8.267,12
3.9532,6.9139,12
2.3548,6.1023,12
5.0175,5.1713,12
6.2591,2.6207,12
6.3504,4.704,12
5.6659,7.6679,12
5.005,4.3579,12
7.7467,3.505,12
7.1887,3.1771,12
3.5541,7.8055,12
5.599,4.6552,12
6.766,5.6016,12
9.8087,4.0712,12
7.676,3.4817,12
4.6785,11.394,12
6.4506,7.3055,12
4.5673,9.0508,12
3.684,7.6151,12
3.2955,7.3029,12
3.4331,1.2085,12
1.7125,5.5367,12
7.6444,5.8207,12
4.0003,6.8793,12
3.2366,3.2881,12
5.753,4.8404,12
4.5026,5.3369,12
5.111,6.5146,12
6.3335,1.1103,12
2.7847,5.7999,12
5.265,5.1642,12
5.8614,8.8349,12
2.803,1.101,12
4.1871,3.0126,12
6.8888,7.7942,12
3.3574,2.7977,12
5.034,3.8223,12
4.6162,8.1817,12
4.9668,5.9433,12
4.4988,5.4372,12
5.8965,4.9688,12
6.0366,6.2143,12
7.8737,3.355,12
7.9937,5.7193,12
2.8006,3.7956,12
5.1805,3.925,12
3.4964,6.3881,12
5.2759,6.6461,12
7.3315,5.7779,12
6.7148,2.6175,12
6.2964,5.797,12
4.7104,7.1443,12
6.7187,2.683,12
8.1836,3.4339,12
5.1004,5.3359,12
5.5469,2.9846,12
8.0066,2.8655,12
6.5027,0.7613,12
3.129,4.3046,12
0.37445,7.5326,12
-1.3302,12.46,12
5.1489,6.0957,12
4.8931,3.8713,12
5.2137,3.4897,12
3.571,3.7881,12
2.1378,4.4048,12
4.6452,2.8378,12
2.8885,5.9713,12
2.0466,4.1578,12
5.8653,3.8687,12
12.273,-3.3209,12
5.7023,1.662,12
5.5364,4.7278,12
4.2247,9.309,12
4.077,6.2984,12
4.618,7.4457,12
8.4659,5.6516,12
6.0278,6.4938,12
7.5381,8.5331,12
4.8061,4.686,12
7.7927,7.3577,12
5.6,5.9488,12
6.2861,1.8929,12
7.6572,4.5907,12
7.6414,1.6623,12
5.2857,7.0804,12
6.5237,6.3601,12
7.0694,7.2164,12
4.6163,4.015,12
0.29139,7.4357,12
3.2575,5.6972,12
7.0377,4.6591,12
2.9871,-1.0406,12
6.6075,4.5329,12
5.5745,3.643,12
5.2014,2.512,12
3.6427,3.472,12
3.0739,5.9795,12
4.7704,5.677,12
9.1595,6.5314,12
5.7717,4.0205,12
5.3903,8.5272,12
6.2031,2.8831,12
2.2724,5.2622,12
2.8245,4.3014,12
7.2286,4.4373,12
8.3369,3.9858,12
6.5175,2.7401,12
4.9399,7.975,12
4.0071,5.6744,12
2.2853,-0.4632,12
4.6028,7.5598,12
7.1431,6.3601,12
7.5596,5.119,12
3.8569,4.2561,12
-0.60543,3.6503,12
2.9232,1.4738,12
5.615,5.7684,12
4.4269,5.8689,12
7.7569,2.6142,12
4.2166,3.8048,12
3.6469,2.4698,12
4.0997,6.8907,12
5.7212,3.9487,12
7.7948,7.0051,12
3.4539,-3.6388,12
2.547,5.7033,12
3.9419,5.2187,12
5.3321,7.0157,12
3.5841,2.3804,12
9.3713,5.6361,12
6.5589,3.2478,12
4.1746,5.1658,12
2.3956,4.4233,12
4.9069,7.5462,12
4.0783,7.7917,12
2.5758,6.6141,12
5.1783,0.92793,12
1.6798,2.2724,12
5.5754,1.3739,12
5.5737,10.232,12
5.7378,9.6663,12
4.9315,7.4465,12
4.2503,7.6903,12
4.2016,4.1517,12
4.4006,4.3312,12
8.2978,5.5137,12
2.3605,6.2057,12
4.6974,1.7932,12
2.0477,8.9133,12
5.2174,5.6756,12
4.2279,6.9206,12
6.6532,3.0747,12
2.5408,2.5986,12
4.3829,1.9925,12
8.6161,3.0186,12
6.8897,7.779,12
6.9811,8.0069,12
7.5868,3.1201,12
7.3062,-1.2383,12
3.8046,6.9967,12
8.0461,5.5787,12
8.0254,5.6754,12
4.5221,7.8748,12
